video_name,label
abseiling/krXXO18LjJU_000157_000167.mp4,0
abseiling/KSWzJG6DDpM_000106_000116.mp4,0
abseiling/K_Tnt0nVJBY_000027_000037.mp4,0
abseiling/Kw9K1in0oiM_000000_000010.mp4,0
abseiling/l4mORctM9fI_000023_000033.mp4,0
abseiling/L5q1j30RgbI_000016_000026.mp4,0
abseiling/L5wIHxrAm1k_000244_000254.mp4,0
abseiling/l8xsgLYzZVM_000011_000021.mp4,0
abseiling/LAcmGccj0dg_000221_000231.mp4,0
abseiling/lCSpYeuQ-zc_000000_000010.mp4,0
abseiling/LDpfxkkLIc0_000074_000084.mp4,0
abseiling/LFtLaUL762o_000033_000043.mp4,0
abseiling/lGl48LQkV_c_000001_000011.mp4,0
abseiling/lgmHzvaovAs_000019_000029.mp4,0
abseiling/Lj6Or6lVccA_000109_000119.mp4,0
abseiling/ljEWjfO3nP0_000009_000019.mp4,0
abseiling/llyNMOhaYb8_000015_000025.mp4,0
abseiling/LmFR9e5Z_xc_000044_000054.mp4,0
abseiling/LMsv0hPw8D0_000052_000062.mp4,0
abseiling/LOeu4FXBId0_000002_000012.mp4,0
abseiling/LoODvfyqfFg_000064_000074.mp4,0
abseiling/LPUkjqUPk2s_000344_000354.mp4,0
abseiling/lqciwm6gDrk_000659_000669.mp4,0
abseiling/L-SlzoxT4r0_000011_000021.mp4,0
abseiling/lsZbWb5ic3A_000033_000043.mp4,0
abseiling/LwNYFF5IAPM_000000_000010.mp4,0
abseiling/Lwti_IVm-Bc_000039_000049.mp4,0
abseiling/LwyKxe85UWI_000088_000098.mp4,0
abseiling/LY02AE6XK5I_000381_000391.mp4,0
abseiling/m25BcZ3B0Hs_000219_000229.mp4,0
abseiling/m3sstoH62y4_000014_000024.mp4,0
abseiling/M5Eurb5QPpA_000085_000095.mp4,0
abseiling/m8Pm5kmCuqI_000064_000074.mp4,0
abseiling/mfb4WOfIb2Y_000201_000211.mp4,0
abseiling/MgEcf3_I_Y4_000159_000169.mp4,0
abseiling/M-hBdj62g9Y_000048_000058.mp4,0
abseiling/MIIbU2xZcUY_000032_000042.mp4,0
abseiling/m-iKFbNcLYM_000030_000040.mp4,0
abseiling/mjsrWa2olhk_000035_000045.mp4,0
abseiling/mJtKQAMCz1U_000222_000232.mp4,0
abseiling/mJtln6FZ9-g_000213_000223.mp4,0
abseiling/mk351GkdmGw_000420_000430.mp4,0
abseiling/M_KWGpwR1tA_000079_000089.mp4,0
abseiling/MnfLsShvImk_000304_000314.mp4,0
abseiling/MP-Op52e84g_000176_000186.mp4,0
abseiling/MqBaIW3qmuM_000098_000108.mp4,0
abseiling/M-QV4d_80mw_000188_000198.mp4,0
abseiling/mRdyYMPlJ_8_000073_000083.mp4,0
abseiling/MTu0FCLOchs_000079_000089.mp4,0
abseiling/mupfbIOZRmE_000000_000010.mp4,0
abseiling/mUUbYHYK7RM_000069_000079.mp4,0
abseiling/mXoPnA5weqE_000066_000076.mp4,0
abseiling/MyC1_iI7MHI_000007_000017.mp4,0
abseiling/mzanX0Y3b88_000040_000050.mp4,0
abseiling/n0hSUmDctC0_000125_000135.mp4,0
abseiling/N59hvIvRJI4_000034_000044.mp4,0
abseiling/N6i1lBKv6dg_000004_000014.mp4,0
abseiling/n6lUXDwL4Y0_000022_000032.mp4,0
abseiling/N7A2LRdxlQM_000683_000693.mp4,0
abseiling/NCu_8jEbF1g_000025_000035.mp4,0
abseiling/NhiwscssRb0_000169_000179.mp4,0
abseiling/NhqT1Noga6A_000025_000035.mp4,0
abseiling/NHvdcCRdLJA_000015_000025.mp4,0
abseiling/nKoqxSJcZn8_000071_000081.mp4,0
abseiling/NlLzuNVGl8U_000040_000050.mp4,0
abseiling/NmiqKGF24YE_000431_000441.mp4,0
abseiling/nmZQ-6af4VU_000038_000048.mp4,0
abseiling/nNc_9u_1Ck8_000014_000024.mp4,0
abseiling/Nnk8AcX4WOU_000032_000042.mp4,0
abseiling/NpaLrRmkbqU_000042_000052.mp4,0
abseiling/__NrybzYzUg_000415_000425.mp4,0
abseiling/NULpzupkMQA_000003_000013.mp4,0
abseiling/NyuaFyp9l4Q_000126_000136.mp4,0
abseiling/o0npX0_iGh0_000046_000056.mp4,0
abseiling/O179fpfn1G4_000040_000050.mp4,0
abseiling/o1_DLN1HRjc_000028_000038.mp4,0
abseiling/o1iX2jQeGcI_000057_000067.mp4,0
abseiling/o2aL6lbfwaM_000118_000128.mp4,0
abseiling/O4kIQoYXiJQ_000099_000109.mp4,0
abseiling/-o4X5Z_Isyc_000085_000095.mp4,0
abseiling/O9HI7PNFoWg_000001_000011.mp4,0
abseiling/Of-vXWwD2_w_000039_000049.mp4,0
abseiling/OGGf_ZoXfyM_001112_001122.mp4,0
abseiling/oHUWb_7hynM_000048_000058.mp4,0
abseiling/OJbn1L9gKb8_000253_000263.mp4,0
abseiling/oJCxnjaCoyI_000385_000395.mp4,0
abseiling/Ojj1ZuoUW18_000068_000078.mp4,0
abseiling/olBJ5AeJd2s_000189_000199.mp4,0
abseiling/olceUCYhL2M_000467_000477.mp4,0
abseiling/oMjg09l2zs0_000676_000686.mp4,0
abseiling/OMK0OJ4f_TI_000000_000010.mp4,0
abseiling/oMzFvZunGQg_000173_000183.mp4,0
abseiling/oNT_nF81-ZY_000053_000063.mp4,0
abseiling/ONXQoDifCLc_000050_000060.mp4,0
abseiling/OOQqkpM5e_M_000157_000167.mp4,0
abseiling/opcSPMgP0Zs_000394_000404.mp4,0
abseiling/opeUDHC4u-s_000102_000112.mp4,0
abseiling/oPK5Cyt3ox4_000066_000076.mp4,0
abseiling/oqn0cVz5Um4_000385_000395.mp4,0
abseiling/oRkJKkptcAA_000134_000144.mp4,0
abseiling/or-TvrtvbE8_000124_000134.mp4,0
abseiling/OtJJuxKuluU_000143_000153.mp4,0
abseiling/OVOoSHDVro8_000361_000371.mp4,0
abseiling/OwDmh9ybXaM_000280_000290.mp4,0
abseiling/OWxUxKx1S0U_000073_000083.mp4,0
abseiling/OXdjzEpoS2U_000027_000037.mp4,0
abseiling/oYUaByKM_IU_000032_000042.mp4,0
abseiling/oz_VI0C7GMk_000024_000034.mp4,0
abseiling/p0hOw3YslaM_000013_000023.mp4,0
abseiling/p1GKldUE_JQ_000031_000041.mp4,0
abseiling/p1VKQa4N-hg_000000_000010.mp4,0
abseiling/p27S3Eg9O-A_000073_000083.mp4,0
abseiling/P4LfZUGthmg_000053_000063.mp4,0
abseiling/P5es7BNz9hA_000046_000056.mp4,0
abseiling/P5oXC9wqvTo_000099_000109.mp4,0
abseiling/p6F0rA7G1qs_000517_000527.mp4,0
abseiling/P9i1lh1yhdM_000074_000084.mp4,0
abseiling/PC9TFKYpsSM_000049_000059.mp4,0
abseiling/pcIqp66GgU4_000037_000047.mp4,0
abseiling/Pd8qpaC18BI_000003_000013.mp4,0
abseiling/pDIgBK_KbQU_000036_000046.mp4,0
abseiling/pdW_enWrcgg_000061_000071.mp4,0
abseiling/pF2JgvHZrOs_000040_000050.mp4,0
abseiling/PfRyeOCOn2E_000013_000023.mp4,0
abseiling/pfzfZiPxjn8_000017_000027.mp4,0
abseiling/PGGTX0XODCg_000161_000171.mp4,0
abseiling/ph_O_zYAtmU_000019_000029.mp4,0
abseiling/p_Kg9tMqbeo_000000_000010.mp4,0
abseiling/PKuY73aMDpY_000033_000043.mp4,0
abseiling/pM3PyA7Ucyc_000001_000011.mp4,0
abseiling/PMkT19tOvu0_000216_000226.mp4,0
abseiling/pQqTqDoGkrA_000037_000047.mp4,0
abseiling/pRlncfoT-Dg_000080_000090.mp4,0
abseiling/p_TDWv8w4II_000043_000053.mp4,0
abseiling/Ptf_2VRj-V0_000122_000132.mp4,0
abseiling/pufexFou_LI_000041_000051.mp4,0
abseiling/puiTPydw8Y0_000170_000180.mp4,0
abseiling/pVBtKxqGS7o_000015_000025.mp4,0
abseiling/PwhhDhlWV6M_000281_000291.mp4,0
abseiling/PXpgY4RY-oM_000197_000207.mp4,0
abseiling/pXXpr2LwK1s_000336_000346.mp4,0
abseiling/PY08R2Z2-u0_000094_000104.mp4,0
abseiling/Q3JmATnfX0Q_000174_000184.mp4,0
abseiling/Q43ZZzEc8TM_000675_000685.mp4,0
abseiling/Q-AiM7fGRjw_000036_000046.mp4,0
abseiling/QAnzP6oGFWo_000036_000046.mp4,0
abseiling/QBFSQsL7YrU_000031_000041.mp4,0
abseiling/qC8s4y9FG9g_000024_000034.mp4,0
abseiling/qDkfOLCioGs_000036_000046.mp4,0
abseiling/qESYQ21cVPg_000219_000229.mp4,0
abseiling/qFqamv2qSMU_000087_000097.mp4,0
abseiling/QG8A_8tWchs_000036_000046.mp4,0
abseiling/qhh1kiMFdAM_000050_000060.mp4,0
abseiling/-Qhiiw9yJvc_000825_000835.mp4,0
abseiling/Qj5gP6rMaaA_000001_000011.mp4,0
abseiling/qk5ByEb_dp4_000054_000064.mp4,0
abseiling/QKuZzplWTx4_000122_000132.mp4,0
abseiling/QM-MfYp1xCc_000051_000061.mp4,0
abseiling/QMo42RCDtt8_000587_000597.mp4,0
abseiling/q-oD4LvbIwE_000401_000411.mp4,0
abseiling/QOFN7851f8k_000473_000483.mp4,0
abseiling/qOfQG6ncIDQ_003310_003320.mp4,0
abseiling/qqJisE6m6XI_000000_000010.mp4,0
abseiling/qRIHnfR-gRg_000003_000013.mp4,0
abseiling/qRRYpICYxLU_000045_000055.mp4,0
abseiling/qsfWviTsvZM_000005_000015.mp4,0
abseiling/QuEutCm9_9M_000212_000222.mp4,0
abseiling/QVMtxVr7rfo_000009_000019.mp4,0
abseiling/qwg6YIaC-68_000047_000057.mp4,0
abseiling/QyEG1bUTCrc_000078_000088.mp4,0
abseiling/QynzC6ptRcQ_000429_000439.mp4,0
abseiling/qzYP_BB-BHg_000017_000027.mp4,0
abseiling/R0-3bOyUhug_000344_000354.mp4,0
abseiling/r0n8bKOriq8_000106_000116.mp4,0
abseiling/R24FbEk2NiU_000197_000207.mp4,0
abseiling/r4aq0ixg-KY_000301_000311.mp4,0
abseiling/R5LeDyenpDQ_000188_000198.mp4,0
abseiling/r6fkoO8bZug_000490_000500.mp4,0
abseiling/r7k0wYYDTGo_000283_000293.mp4,0
abseiling/RaMF5rudRLQ_002699_002709.mp4,0
abseiling/RcGClFc1Z7M_000004_000014.mp4,0
abseiling/r-E5RfA3u38_000086_000096.mp4,0
abseiling/REccUXWSno8_000125_000135.mp4,0
abseiling/rh5hrzdSHBk_000324_000334.mp4,0
abseiling/rinCdVhueDA_000000_000010.mp4,0
abseiling/RjZzuSL5Vx4_000174_000184.mp4,0
abseiling/Rldj-kvNKdQ_000233_000243.mp4,0
abseiling/RMdk187QnSI_000000_000010.mp4,0
abseiling/rpxNo22vxfM_000182_000192.mp4,0
abseiling/RQ_BWRd45Xs_000078_000088.mp4,0
abseiling/RqiJvOFIwYI_000385_000395.mp4,0
abseiling/RQNDIctDnFQ_000262_000272.mp4,0
abseiling/rRh-lkFj4Tw_000001_000011.mp4,0
abseiling/rscBFSNxRxE_000072_000082.mp4,0
abseiling/rseBvhN6dio_000003_000013.mp4,0
abseiling/RV0VGCGw-2Y_000023_000033.mp4,0
abseiling/RV5euwRHgp8_000135_000145.mp4,0
abseiling/r-VxGDXQvLk_000649_000659.mp4,0
abseiling/rysMQ42Brr4_000081_000091.mp4,0
abseiling/rZgrYsSFn4s_000036_000046.mp4,0
abseiling/rztGtTe9cjw_000121_000131.mp4,0
abseiling/s-0YitDtuv4_000013_000023.mp4,0
abseiling/S1D8J-A8-7Y_000317_000327.mp4,0
abseiling/S2L8AknYPrA_000162_000172.mp4,0
abseiling/s60F2ja6QXE_000461_000471.mp4,0
abseiling/S6TCX7hiFbA_000165_000175.mp4,0
abseiling/s8VPmwPCF_g_000200_000210.mp4,0
abseiling/sb2-e8sDXsQ_000016_000026.mp4,0
abseiling/SBEN9in3HZk_000003_000013.mp4,0
abseiling/SBwGIDrxHLQ_000018_000028.mp4,0
abseiling/SElYH9O8pBc_000036_000046.mp4,0
abseiling/SfM7sOQrNtg_000081_000091.mp4,0
abseiling/sFNx97CL00I_000023_000033.mp4,0
abseiling/Sfsp42eyFP4_000018_000028.mp4,0
abseiling/SFU_UxzfgPg_000012_000022.mp4,0
abseiling/SHbfuKmOo6E_000041_000051.mp4,0
abseiling/SiCCKnopmnc_000004_000014.mp4,0
abseiling/SiqHAo-wcZE_000448_000458.mp4,0
abseiling/SkckO1tzNoU_000023_000033.mp4,0
abseiling/Sm029JGA5r4_000010_000020.mp4,0
abseiling/smxXBHhdmUU_000005_000015.mp4,0
abseiling/sN80RbKSei0_000014_000024.mp4,0
abseiling/sOKTmDZNdT0_000214_000224.mp4,0
abseiling/SoXfjruecGM_000016_000026.mp4,0
abseiling/spVb3RSFkTg_000126_000136.mp4,0
abseiling/SrEICcoDeko_000345_000355.mp4,0
abseiling/Ss9f9CP6zhk_000240_000250.mp4,0
abseiling/_SSkUUyN_zA_000058_000068.mp4,0
abseiling/stIrPjGLfZ8_000126_000136.mp4,0
abseiling/sTJA1xALat4_000035_000045.mp4,0
abseiling/su1vRKhiM2g_000014_000024.mp4,0
abseiling/su4wzxWofoA_000079_000089.mp4,0
abseiling/SuZfA3mLI48_000028_000038.mp4,0
abseiling/sVShdvSUMI0_000427_000437.mp4,0
abseiling/Syuv0yli1Ks_000054_000064.mp4,0
abseiling/sze0R6Qu6D8_000004_000014.mp4,0
abseiling/sZhO3--Sjro_000035_000045.mp4,0
abseiling/T1PRCx5lxGo_000004_000014.mp4,0
abseiling/T88E0S4_Q9Q_000017_000027.mp4,0
abseiling/T8FKO64CtuY_000001_000011.mp4,0
adjusting_glasses/KtHvXE01Aao_000006_000016.mp4,1
adjusting_glasses/KWx5JnSgEg0_000001_000011.mp4,1
adjusting_glasses/kyLqUMYwjPc_000052_000062.mp4,1
adjusting_glasses/l2NLJv8_8DI_000000_000010.mp4,1
adjusting_glasses/L4jtoG_fHns_000047_000057.mp4,1
adjusting_glasses/l5ssufy56Jk_000067_000077.mp4,1
adjusting_glasses/L70YUpi_gtc_000020_000030.mp4,1
adjusting_glasses/l9xRRf-BA6M_000018_000028.mp4,1
adjusting_glasses/LA_TN8iHuHo_000059_000069.mp4,1
adjusting_glasses/lEb0IBXpGzA_000183_000193.mp4,1
adjusting_glasses/LfPHODjyj9E_000201_000211.mp4,1
adjusting_glasses/lg5L4s9un68_000066_000076.mp4,1
adjusting_glasses/liFW0u_r7ag_000030_000040.mp4,1
adjusting_glasses/LoW2gXSswwA_000030_000040.mp4,1
adjusting_glasses/lq-hWpdO0nE_000028_000038.mp4,1
adjusting_glasses/LqjwA_Hi4N0_000105_000115.mp4,1
adjusting_glasses/LSd0l7C2cIQ_000106_000116.mp4,1
adjusting_glasses/lYo1MkG5ABE_000022_000032.mp4,1
adjusting_glasses/m0jlLRlDrhk_000080_000090.mp4,1
adjusting_glasses/M2JvCL32nBg_000013_000023.mp4,1
adjusting_glasses/M5a0A5imJXk_000160_000170.mp4,1
adjusting_glasses/MbqQV9_60As_000025_000035.mp4,1
adjusting_glasses/md025ziI_7s_000049_000059.mp4,1
adjusting_glasses/MebgF58-b1Q_000045_000055.mp4,1
adjusting_glasses/MHZ4mvdn7rk_000217_000227.mp4,1
adjusting_glasses/mk8iQQgPDHk_000000_000010.mp4,1
adjusting_glasses/mkNujMZWLdQ_000007_000017.mp4,1
adjusting_glasses/Mleg7nvKbxo_000315_000325.mp4,1
adjusting_glasses/_mnV-ollG6U_000214_000224.mp4,1
adjusting_glasses/MTzV-0aMlpg_000115_000125.mp4,1
adjusting_glasses/mVn36IEAfoc_000116_000126.mp4,1
adjusting_glasses/mWQHho3mYFc_000133_000143.mp4,1
adjusting_glasses/Mx3PsyhsJUQ_000007_000017.mp4,1
adjusting_glasses/mxZZFGmwNyU_000000_000010.mp4,1
adjusting_glasses/N2bxlNkOCjc_000000_000010.mp4,1
adjusting_glasses/-n46a0-mBHw_000062_000072.mp4,1
adjusting_glasses/N5CHwXK8Vcs_000000_000010.mp4,1
adjusting_glasses/n9fI-pMbnUM_000007_000017.mp4,1
adjusting_glasses/Na3RG0rU8pA_000034_000044.mp4,1
adjusting_glasses/NBWBXXUWH2E_000044_000054.mp4,1
adjusting_glasses/NF1s5SAeh4o_000032_000042.mp4,1
adjusting_glasses/Nj3ztv-wdFk_000093_000103.mp4,1
adjusting_glasses/nJt71JaMQA0_000108_000118.mp4,1
adjusting_glasses/NNqpU7VyUV8_000052_000062.mp4,1
adjusting_glasses/Nqkta2h7GDY_000000_000010.mp4,1
adjusting_glasses/nqNjtG_FBcA_000003_000013.mp4,1
adjusting_glasses/ntYJlDQxYag_000001_000011.mp4,1
adjusting_glasses/nxW_OtGHxcY_000019_000029.mp4,1
adjusting_glasses/nYt8irROsug_000093_000103.mp4,1
adjusting_glasses/NZ_GW2DZbL4_000256_000266.mp4,1
adjusting_glasses/O1RxBNrTIRM_000049_000059.mp4,1
adjusting_glasses/O3N1-1Qok4g_000029_000039.mp4,1
adjusting_glasses/o_4yKzjFu-0_000029_000039.mp4,1
adjusting_glasses/o6Ki5jzbN0A_000000_000010.mp4,1
adjusting_glasses/oB_0UwmjYuY_000015_000025.mp4,1
adjusting_glasses/oBbj3MkR1ak_000000_000010.mp4,1
adjusting_glasses/obListsgRvY_000016_000026.mp4,1
adjusting_glasses/OEtVFEK23nY_000000_000010.mp4,1
adjusting_glasses/ofrClv1h0kc_000026_000036.mp4,1
adjusting_glasses/oFrUGF1gYpU_000020_000030.mp4,1
adjusting_glasses/OgbyyI0OjtU_000069_000079.mp4,1
adjusting_glasses/oGrPBsIKlaE_000076_000086.mp4,1
adjusting_glasses/oHvec5Btq8Q_000116_000126.mp4,1
adjusting_glasses/oIAd70netFA_000013_000023.mp4,1
adjusting_glasses/OjcjY6kKdYM_000298_000308.mp4,1
adjusting_glasses/okO3Q-S-8lY_000024_000034.mp4,1
adjusting_glasses/OM5Q0UJc7EM_000095_000105.mp4,1
adjusting_glasses/OqpZrjYtc6Y_000832_000842.mp4,1
adjusting_glasses/OrUG8NTOGfA_000019_000029.mp4,1
adjusting_glasses/Ox2S_AfUBaA_000021_000031.mp4,1
adjusting_glasses/pa21mff_U2o_000000_000010.mp4,1
adjusting_glasses/PBAen5E4H-0_000030_000040.mp4,1
adjusting_glasses/PFNR08M7t1w_000005_000015.mp4,1
adjusting_glasses/PlwNj8jdbjA_000237_000247.mp4,1
adjusting_glasses/PnfLoQQYzw0_000040_000050.mp4,1
adjusting_glasses/pO3A-Ex3zrg_000037_000047.mp4,1
adjusting_glasses/po3e91PwUOA_000020_000030.mp4,1
adjusting_glasses/Po8DFNwzyuc_000185_000195.mp4,1
adjusting_glasses/polg3RSlQf8_000076_000086.mp4,1
adjusting_glasses/pOrN13rmOeQ_000000_000010.mp4,1
adjusting_glasses/PQ6A2oFcq5Y_000026_000036.mp4,1
adjusting_glasses/PRjla8Hrt0U_000019_000029.mp4,1
adjusting_glasses/PrwyBRxkCy0_000040_000050.mp4,1
adjusting_glasses/ps7QCdXigFM_000000_000010.mp4,1
adjusting_glasses/PsLGNXpUXqg_000021_000031.mp4,1
adjusting_glasses/-pt0arTOFHA_000000_000010.mp4,1
adjusting_glasses/pudqw5t1pW4_000175_000185.mp4,1
adjusting_glasses/pxTZl2rmbXg_000007_000017.mp4,1
adjusting_glasses/pzu_EIYMA24_000231_000241.mp4,1
adjusting_glasses/q2G7s3bEjHo_000067_000077.mp4,1
adjusting_glasses/q3Z_oO6NeiQ_000000_000010.mp4,1
adjusting_glasses/q498gEc1Axk_000059_000069.mp4,1
adjusting_glasses/Q4ZkhNX4I5o_000000_000010.mp4,1
adjusting_glasses/q6-yyswNKMA_000062_000072.mp4,1
adjusting_glasses/qDvR5zyliSk_000273_000283.mp4,1
adjusting_glasses/qe54EN7tED8_000152_000162.mp4,1
adjusting_glasses/qFAitC0_9v4_000110_000120.mp4,1
adjusting_glasses/_QFezh6Pu3k_000024_000034.mp4,1
adjusting_glasses/qFU1xp0aPlk_000002_000012.mp4,1
adjusting_glasses/qG_SVZ_aVss_000010_000020.mp4,1
adjusting_glasses/qk3YzucfVl4_000092_000102.mp4,1
adjusting_glasses/qk78VpwyVwM_000004_000014.mp4,1
adjusting_glasses/QkUqReunc9Q_000025_000035.mp4,1
adjusting_glasses/_qqfVmzv2ZA_000006_000016.mp4,1
adjusting_glasses/qWCdd948ekI_000006_000016.mp4,1
adjusting_glasses/Qyls3jCgupY_000010_000020.mp4,1
adjusting_glasses/QynQon4trm0_000218_000228.mp4,1
adjusting_glasses/r24k18L9eLo_000000_000010.mp4,1
adjusting_glasses/Rb3YSQygKWE_000013_000023.mp4,1
adjusting_glasses/rB6568bjAlw_000031_000041.mp4,1
adjusting_glasses/RcAbax-MLOk_000445_000455.mp4,1
adjusting_glasses/RCSf8zdL3K0_000017_000027.mp4,1
adjusting_glasses/rFL9wf73sBw_000061_000071.mp4,1
adjusting_glasses/-RfnVqcV-j8_000025_000035.mp4,1
adjusting_glasses/RjOQ3JkXhk8_000608_000618.mp4,1
adjusting_glasses/rLkiMvPOBI8_000048_000058.mp4,1
adjusting_glasses/RLuXfZk0GIM_000050_000060.mp4,1
adjusting_glasses/Rm6osnAEGFA_000032_000042.mp4,1
adjusting_glasses/RVh3ID8OkFQ_000160_000170.mp4,1
adjusting_glasses/R_wtsKG8HvE_000326_000336.mp4,1
adjusting_glasses/s58wlaz5vxk_000039_000049.mp4,1
adjusting_glasses/s7gUspg4HLU_000244_000254.mp4,1
adjusting_glasses/SbGSYlamaSI_000006_000016.mp4,1
adjusting_glasses/SesSRSjXupg_000056_000066.mp4,1
adjusting_glasses/seT3u3agFv4_000291_000301.mp4,1
adjusting_glasses/Se-Wjg9ZBY4_000004_000014.mp4,1
adjusting_glasses/SEXS6u-MD50_000048_000058.mp4,1
adjusting_glasses/Sj7V-zel6Q4_000011_000021.mp4,1
adjusting_glasses/sjAc0gv4cYo_000525_000535.mp4,1
adjusting_glasses/sKJbgEtovNg_000000_000010.mp4,1
adjusting_glasses/SMbH6wstdRk_000116_000126.mp4,1
adjusting_glasses/SMYJTD13zgo_000005_000015.mp4,1
adjusting_glasses/So0vMgNTP78_000015_000025.mp4,1
adjusting_glasses/sPF75CrLPnU_000056_000066.mp4,1
adjusting_glasses/SQQhOP0iP98_000040_000050.mp4,1
adjusting_glasses/T04pbbEqvKg_000038_000048.mp4,1
adjusting_glasses/tAdtdNUrAOo_000029_000039.mp4,1
adjusting_glasses/tciXqx05plo_000002_000012.mp4,1
adjusting_glasses/TdXGoWpVtD0_000046_000056.mp4,1
adjusting_glasses/Tg_w9BhsPns_000000_000010.mp4,1
adjusting_glasses/tijFNIN5kZM_000146_000156.mp4,1
adjusting_glasses/TndIlYKOSFg_000013_000023.mp4,1
adjusting_glasses/TNo4CTCd66c_000010_000020.mp4,1
adjusting_glasses/tOwkxmhQ23E_000081_000091.mp4,1
adjusting_glasses/TPMRIllARbs_000000_000010.mp4,1
adjusting_glasses/tryu6FEn3lw_000062_000072.mp4,1
adjusting_glasses/TWE1y1n_4Ic_000391_000401.mp4,1
adjusting_glasses/TZXya36RN-k_000008_000018.mp4,1
alligator_wrestling/k8ytiurOuwU_000000_000010.mp4,2
alligator_wrestling/K9hhGaZ4oE8_000017_000027.mp4,2
alligator_wrestling/KbmusHL4CA4_000021_000031.mp4,2
alligator_wrestling/k-CVlWi-Fsw_000794_000804.mp4,2
alligator_wrestling/kDAnps7pZ9s_000089_000099.mp4,2
alligator_wrestling/-kDuPmo_EpM_000064_000074.mp4,2
alligator_wrestling/_KHsdVCr8-0_000010_000020.mp4,2
alligator_wrestling/KisS5PYyIs0_000029_000039.mp4,2
alligator_wrestling/KLngSGY08CY_000211_000221.mp4,2
alligator_wrestling/KMLTyyE1N2c_000171_000181.mp4,2
alligator_wrestling/KNtxJSJVjos_000000_000010.mp4,2
alligator_wrestling/KOHcUyES2lk_000035_000045.mp4,2
alligator_wrestling/koL69I1k8Wc_000000_000010.mp4,2
alligator_wrestling/koL_lS3QC4M_000000_000010.mp4,2
alligator_wrestling/KpU0r6NtEYk_000025_000035.mp4,2
alligator_wrestling/kqgxDdfAZj4_000003_000013.mp4,2
alligator_wrestling/-KrbeNeR3Js_000020_000030.mp4,2
alligator_wrestling/kRvNWeLLD2o_000002_000012.mp4,2
alligator_wrestling/kTKzzxRIyEs_000000_000010.mp4,2
alligator_wrestling/kv9pcOawdqo_000054_000064.mp4,2
alligator_wrestling/KvdBPPVSJUg_000278_000288.mp4,2
alligator_wrestling/kvVtCqDkGCQ_000004_000014.mp4,2
alligator_wrestling/l1UClNmyRyc_000084_000094.mp4,2
alligator_wrestling/lbMxP3hxjIs_000023_000033.mp4,2
alligator_wrestling/L_CsN2zEg3M_000801_000811.mp4,2
alligator_wrestling/LCxja2WCpbc_000053_000063.mp4,2
alligator_wrestling/LFX7HD8S46E_000009_000019.mp4,2
alligator_wrestling/LhCxOxc1pUI_000011_000021.mp4,2
alligator_wrestling/LlLxBs5JzcU_000013_000023.mp4,2
alligator_wrestling/Lq_PTDjHjjo_000051_000061.mp4,2
alligator_wrestling/LQYJ7EQyoiQ_000241_000251.mp4,2
alligator_wrestling/l-RW78RmUS8_000053_000063.mp4,2
alligator_wrestling/L-WAiIRnGpo_000072_000082.mp4,2
alligator_wrestling/l-x5K_ghKps_000035_000045.mp4,2
alligator_wrestling/lxzkHipNiHM_000000_000010.mp4,2
alligator_wrestling/LZfZgZ4NrMQ_000061_000071.mp4,2
alligator_wrestling/M1ImlEgNO4g_000024_000034.mp4,2
alligator_wrestling/M6zp3a8mLLQ_000413_000423.mp4,2
alligator_wrestling/m7am29zwNUA_000249_000259.mp4,2
alligator_wrestling/mA8aA1kF6KI_000008_000018.mp4,2
alligator_wrestling/MagCsEtxWfI_000012_000022.mp4,2
alligator_wrestling/mbpQJhiU4fE_000047_000057.mp4,2
alligator_wrestling/-_MBsA0I4JM_000107_000117.mp4,2
alligator_wrestling/mg8eTTzec_s_000066_000076.mp4,2
alligator_wrestling/MgKjpt3CtJo_000799_000809.mp4,2
alligator_wrestling/MiDDlz6iuvw_000117_000127.mp4,2
alligator_wrestling/MIKtBE9_PG0_000159_000169.mp4,2
alligator_wrestling/MYI-xpkSSQg_000409_000419.mp4,2
alligator_wrestling/n2nzEO_E4G4_000025_000035.mp4,2
alligator_wrestling/N6zq_H1RU3s_000019_000029.mp4,2
alligator_wrestling/N8d9YXjWIXM_000058_000068.mp4,2
alligator_wrestling/N9GH_HNu2xw_000255_000265.mp4,2
alligator_wrestling/NAyIJxb_khk_000023_000033.mp4,2
alligator_wrestling/NBIUBrEJBLo_000018_000028.mp4,2
alligator_wrestling/nFPWNkWspRI_000067_000077.mp4,2
alligator_wrestling/NglUkxx1pgo_000134_000144.mp4,2
alligator_wrestling/nksnswr49Fo_000049_000059.mp4,2
alligator_wrestling/nO2d9VU0DS0_000037_000047.mp4,2
alligator_wrestling/nQXj6GL0q0s_000017_000027.mp4,2
alligator_wrestling/Nrhq_bA0Who_000045_000055.mp4,2
alligator_wrestling/nsULKkme28s_000132_000142.mp4,2
alligator_wrestling/Nt5eIjIkUgQ_000000_000010.mp4,2
alligator_wrestling/nTOyJTHiPqI_000077_000087.mp4,2
alligator_wrestling/NTVUMI0JY1I_000024_000034.mp4,2
alligator_wrestling/-nV2qKA4u4Q_000015_000025.mp4,2
alligator_wrestling/nwSrhgkvH5M_000011_000021.mp4,2
alligator_wrestling/Ny1dHaMeEhY_000085_000095.mp4,2
alligator_wrestling/nySrMMIXORA_000019_000029.mp4,2
alligator_wrestling/nzhVZ607NTs_000024_000034.mp4,2
alligator_wrestling/o1G0_GVLRjI_000241_000251.mp4,2
alligator_wrestling/O4emupBqAss_000052_000062.mp4,2
alligator_wrestling/o8Czb3KGOHY_000037_000047.mp4,2
alligator_wrestling/oa6Q4vrivyg_000226_000236.mp4,2
alligator_wrestling/ohc43WvnN1A_000018_000028.mp4,2
alligator_wrestling/ohMifkQvIb4_000009_000019.mp4,2
alligator_wrestling/OIlon141rXw_000092_000102.mp4,2
alligator_wrestling/oKJja4jZvJk_000055_000065.mp4,2
alligator_wrestling/olAyxpTmr9o_000465_000475.mp4,2
alligator_wrestling/oMb6ndSG4pk_000021_000031.mp4,2
alligator_wrestling/_OmEhhuDNgk_000027_000037.mp4,2
alligator_wrestling/ON2qyEGWJl4_000118_000128.mp4,2
alligator_wrestling/ON7t9xsjGi4_000002_000012.mp4,2
alligator_wrestling/ooOTWNRUqIg_000100_000110.mp4,2
alligator_wrestling/OPoYPeIYL6I_000013_000023.mp4,2
alligator_wrestling/OUP6HotDoXc_000000_000010.mp4,2
alligator_wrestling/OxAS4_CVmIo_000284_000294.mp4,2
alligator_wrestling/OxU4o0ID_Mg_000294_000304.mp4,2
alligator_wrestling/oz_lICPV6XI_000042_000052.mp4,2
alligator_wrestling/p5inzVVPA40_000048_000058.mp4,2
alligator_wrestling/p5okVx5y_sk_000169_000179.mp4,2
alligator_wrestling/p9Cxo7Sp2r8_000071_000081.mp4,2
alligator_wrestling/PAc0BcEqesg_000007_000017.mp4,2
alligator_wrestling/pftvqjV_MD8_000527_000537.mp4,2
alligator_wrestling/PfukoLOZLH8_000002_000012.mp4,2
alligator_wrestling/pH4S2B_gPtE_000131_000141.mp4,2
alligator_wrestling/PjKBKdl1-TQ_000009_000019.mp4,2
alligator_wrestling/pM-9fLn7nvs_000004_000014.mp4,2
alligator_wrestling/PMZFk-MaSzQ_000006_000016.mp4,2
alligator_wrestling/PnaVMlX_h4s_000057_000067.mp4,2
alligator_wrestling/pPTdOYS22uY_000000_000010.mp4,2
alligator_wrestling/-PqviW91mY0_000451_000461.mp4,2
alligator_wrestling/PXUtqPyIVj0_000035_000045.mp4,2
alligator_wrestling/pz7T_c4T224_000000_000010.mp4,2
alligator_wrestling/PZaq3KSsaT0_000069_000079.mp4,2
alligator_wrestling/pzjORDqawtM_000220_000230.mp4,2
alligator_wrestling/Q6tWta4nqf0_000152_000162.mp4,2
alligator_wrestling/q8S7n8OuyCA_000580_000590.mp4,2
alligator_wrestling/Q9HBnJvJbus_000021_000031.mp4,2
alligator_wrestling/qajBgS2lsDA_000003_000013.mp4,2
alligator_wrestling/qcqdjWwsM2c_000009_000019.mp4,2
alligator_wrestling/qd6mi5tgSNQ_000006_000016.mp4,2
alligator_wrestling/qEilX3b3JbY_000000_000010.mp4,2
alligator_wrestling/qF1_qSX7cvw_000178_000188.mp4,2
alligator_wrestling/qgrAHvf0kDU_000128_000138.mp4,2
alligator_wrestling/QL-bGURW5PE_000012_000022.mp4,2
alligator_wrestling/qMFkg95f1Bw_000104_000114.mp4,2
alligator_wrestling/Q--o4cmwblE_000050_000060.mp4,2
alligator_wrestling/QozzA37vl4I_000011_000021.mp4,2
alligator_wrestling/qpWalAih3r4_000019_000029.mp4,2
alligator_wrestling/qWCJmkJucJg_000055_000065.mp4,2
alligator_wrestling/qzF7Vpjmcas_000009_000019.mp4,2
alligator_wrestling/r1NcFST-8v0_000016_000026.mp4,2
alligator_wrestling/r4nN2zHfV8o_000139_000149.mp4,2
alligator_wrestling/rBjOTR3Isak_000024_000034.mp4,2
alligator_wrestling/RCfwjK5zK08_000039_000049.mp4,2
alligator_wrestling/rcRS5BgH0QE_000063_000073.mp4,2
alligator_wrestling/rdvBvOuPfn0_000367_000377.mp4,2
alligator_wrestling/RFQbxBYsy_0_000384_000394.mp4,2
alligator_wrestling/RG47ekE2FDE_000045_000055.mp4,2
alligator_wrestling/rH8tUqZgHhE_000000_000010.mp4,2
alligator_wrestling/r-JPko_Lz5s_000002_000012.mp4,2
alligator_wrestling/rK4pKTW7t8Q_000160_000170.mp4,2
alligator_wrestling/rKMUG-qt7Fc_000158_000168.mp4,2
alligator_wrestling/RksI39EeVbM_000131_000141.mp4,2
alligator_wrestling/rlJby4ADu9k_000025_000035.mp4,2
alligator_wrestling/rLz_shUUrMg_000008_000018.mp4,2
alligator_wrestling/rmpUh1by-vQ_000006_000016.mp4,2
alligator_wrestling/ROZtk6XclYc_000000_000010.mp4,2
alligator_wrestling/RT_SqvpYboI_000044_000054.mp4,2
alligator_wrestling/rX_2NfNeu2c_000667_000677.mp4,2
alligator_wrestling/S6q8-syp0Uk_000317_000327.mp4,2
alligator_wrestling/S7mPP7eeCo8_000000_000010.mp4,2
alligator_wrestling/s7VChUaUPL0_000074_000084.mp4,2
alligator_wrestling/S8JUR82a6xo_000059_000069.mp4,2
alligator_wrestling/SaMNTjJh4MY_000000_000010.mp4,2
alligator_wrestling/SbKv-i8EFyo_000167_000177.mp4,2
alligator_wrestling/sCO_C8xaPn8_000533_000543.mp4,2
alligator_wrestling/SCwMA9Mb68Q_000118_000128.mp4,2
alligator_wrestling/sdoCJ1aAtR8_000021_000031.mp4,2
alligator_wrestling/Sf8cQvZTpJ0_000289_000299.mp4,2
alligator_wrestling/sFBmWX-CjFk_000004_000014.mp4,2
alligator_wrestling/si3WXiGImOs_000030_000040.mp4,2
alligator_wrestling/sK5lLUXTFd4_000221_000231.mp4,2
archaeological_excavation/k_ISJvVgaTE_000023_000033.mp4,3
archaeological_excavation/kit4xmOYBQY_000017_000027.mp4,3
archaeological_excavation/k_Itaza4lUA_000081_000091.mp4,3
archaeological_excavation/_Kl8AGcdLvU_000023_000033.mp4,3
archaeological_excavation/kMkBCkzzBN4_000026_000036.mp4,3
archaeological_excavation/KpGAIrRSqbM_000018_000028.mp4,3
archaeological_excavation/kQ-iYgUXqNU_000084_000094.mp4,3
archaeological_excavation/kSehuD4ZR80_000251_000261.mp4,3
archaeological_excavation/KwRD14l5o-E_000133_000143.mp4,3
archaeological_excavation/KX1aZdyI4zM_000014_000024.mp4,3
archaeological_excavation/kxPKmySl5E4_000033_000043.mp4,3
archaeological_excavation/l_53QjFEgMc_001219_001229.mp4,3
archaeological_excavation/l6dp_sXYH08_000000_000010.mp4,3
archaeological_excavation/L8Mb9TEdMds_000012_000022.mp4,3
archaeological_excavation/lA7jO6rAxZI_000231_000241.mp4,3
archaeological_excavation/LBAMsPY9HTc_000000_000010.mp4,3
archaeological_excavation/LBbZ_jNZUX8_000045_000055.mp4,3
archaeological_excavation/lD-Ota0A7yM_000022_000032.mp4,3
archaeological_excavation/LdSExDE8EsU_002129_002139.mp4,3
archaeological_excavation/lg0r-6bggQk_000069_000079.mp4,3
archaeological_excavation/lhYRMImjkvE_000134_000144.mp4,3
archaeological_excavation/LIx6NUcN7UA_000153_000163.mp4,3
archaeological_excavation/lJEBVsgz9Bs_000000_000010.mp4,3
archaeological_excavation/lKhJQCbtYSo_000035_000045.mp4,3
archaeological_excavation/lKSHo0sQ_X0_000105_000115.mp4,3
archaeological_excavation/LLGQJhkSyCY_000441_000451.mp4,3
archaeological_excavation/LOtC53mJTGU_000014_000024.mp4,3
archaeological_excavation/LQBjNfoHRuI_000011_000021.mp4,3
archaeological_excavation/lqIGieQPnQs_000007_000017.mp4,3
archaeological_excavation/LRKb9W4A03E_000260_000270.mp4,3
archaeological_excavation/lSkoPAmzVMA_000213_000223.mp4,3
archaeological_excavation/LSVpUysDuFE_000192_000202.mp4,3
archaeological_excavation/lTdfIp59RKQ_000071_000081.mp4,3
archaeological_excavation/lU9fvR3wUBQ_000001_000011.mp4,3
archaeological_excavation/l-ukS-Wq9oo_000226_000236.mp4,3
archaeological_excavation/LUUz6SzW840_000071_000081.mp4,3
archaeological_excavation/l_v48OtRoCg_000031_000041.mp4,3
archaeological_excavation/LWn76D1zclo_000138_000148.mp4,3
archaeological_excavation/LYZmZ6KnpGg_000060_000070.mp4,3
archaeological_excavation/M1UtxhMiEMw_000015_000025.mp4,3
archaeological_excavation/M2CbvHW5jdI_000111_000121.mp4,3
archaeological_excavation/M5dhM4m04lw_000514_000524.mp4,3
archaeological_excavation/M9BStI1wsxk_000052_000062.mp4,3
archaeological_excavation/MbkxVHMpfM8_000039_000049.mp4,3
archaeological_excavation/mBZYoLZ9hB0_000050_000060.mp4,3
archaeological_excavation/MCFpcBMGi6M_000178_000188.mp4,3
archaeological_excavation/MEfPJYJPlpw_000048_000058.mp4,3
archaeological_excavation/MEHjZPr-uN4_000251_000261.mp4,3
archaeological_excavation/mF7tvzFA4ms_000000_000010.mp4,3
archaeological_excavation/MFE2csqNEkg_000038_000048.mp4,3
archaeological_excavation/mGMpOXkHZ50_000103_000113.mp4,3
archaeological_excavation/MgrkwKF0fZ4_000027_000037.mp4,3
archaeological_excavation/mgZAA6FKxV4_001330_001340.mp4,3
archaeological_excavation/mHeteHFAk9c_000006_000016.mp4,3
archaeological_excavation/MhhwC7VJ-Is_000042_000052.mp4,3
archaeological_excavation/mIsuACDptI8_000116_000126.mp4,3
archaeological_excavation/mmwzgGM_vXw_001142_001152.mp4,3
archaeological_excavation/mQ3qSZh1v0g_000102_000112.mp4,3
archaeological_excavation/MrCEk67zGLk_000160_000170.mp4,3
archaeological_excavation/mU8KGkc03ig_000039_000049.mp4,3
archaeological_excavation/MUOwGWzGQs0_000047_000057.mp4,3
archaeological_excavation/mYyQslVuH44_000105_000115.mp4,3
archaeological_excavation/n2xvEdxJHvk_000012_000022.mp4,3
archaeological_excavation/nBCdZeGj1-U_000129_000139.mp4,3
archaeological_excavation/nBGl_aGF1Xk_000059_000069.mp4,3
archaeological_excavation/neTxyUm3vqU_000043_000053.mp4,3
archaeological_excavation/nfFmUKe9Bdo_000041_000051.mp4,3
archaeological_excavation/_NgT3EX9jBY_000072_000082.mp4,3
archaeological_excavation/Nhqw6Nh0a-M_000000_000010.mp4,3
archaeological_excavation/niJMU7llpbU_000106_000116.mp4,3
archaeological_excavation/njBD_emzWII_000017_000027.mp4,3
archaeological_excavation/njC9FIP9oY0_000035_000045.mp4,3
archaeological_excavation/NJQWGVRNSUY_000040_000050.mp4,3
archaeological_excavation/NlpduGEKK4k_000000_000010.mp4,3
archaeological_excavation/nmI1wi7KVGw_000059_000069.mp4,3
archaeological_excavation/nmN2sktEhL0_000019_000029.mp4,3
archaeological_excavation/nOBSOAVBJvA_000266_000276.mp4,3
archaeological_excavation/NoVIXQ7ckoI_000047_000057.mp4,3
archaeological_excavation/NprS0qmHczY_000014_000024.mp4,3
archaeological_excavation/nTtjpGvhFC4_000039_000049.mp4,3
archaeological_excavation/NxjtU3kycy8_000002_000012.mp4,3
archaeological_excavation/nYjr1xNXrDc_000009_000019.mp4,3
archaeological_excavation/nz2ljtFhkek_000005_000015.mp4,3
archaeological_excavation/nZU9diSP6sk_000037_000047.mp4,3
archaeological_excavation/o40_U2vI3gs_000022_000032.mp4,3
archaeological_excavation/O4WuT9DJh9A_000118_000128.mp4,3
archaeological_excavation/o90-w25MyJk_000519_000529.mp4,3
archaeological_excavation/o9Gx3gilFsI_000024_000034.mp4,3
archaeological_excavation/OabVNJsnb_0_000058_000068.mp4,3
archaeological_excavation/o_-DtfqVkS4_000187_000197.mp4,3
archaeological_excavation/oH01mXgOz6o_000071_000081.mp4,3
archaeological_excavation/ohOl1JvbNaU_000000_000010.mp4,3
archaeological_excavation/oj513iHe_RI_000020_000030.mp4,3
archaeological_excavation/okB9b5yTojI_000011_000021.mp4,3
archaeological_excavation/OKgCo2U4XFo_000288_000298.mp4,3
archaeological_excavation/oPQ3JWvNx2s_000030_000040.mp4,3
archaeological_excavation/owYBccAs8UU_000109_000119.mp4,3
archaeological_excavation/o-Xx3HqTUGY_000126_000136.mp4,3
archaeological_excavation/p1v60wmhV7w_000046_000056.mp4,3
archaeological_excavation/Pa1Uu2Cgqoc_000091_000101.mp4,3
archaeological_excavation/PcT1vGyJzyg_000021_000031.mp4,3
archaeological_excavation/pCw60-Kbe4o_000050_000060.mp4,3
archaeological_excavation/PD7Cdzbq8MU_000001_000011.mp4,3
archaeological_excavation/PDFXdXiTBg8_000090_000100.mp4,3
archaeological_excavation/PdpR-z-y4Mg_000000_000010.mp4,3
archaeological_excavation/PeFrL-rQBnk_000165_000175.mp4,3
archaeological_excavation/PFcoK4phCyA_000016_000026.mp4,3
archaeological_excavation/PFf2RhYRjvA_000000_000010.mp4,3
archaeological_excavation/PHuebA7Rt0s_000070_000080.mp4,3
archaeological_excavation/Pimq2Pv53Ok_000106_000116.mp4,3
archaeological_excavation/pKreOlrJRPI_000127_000137.mp4,3
archaeological_excavation/pMqYBxyato8_000117_000127.mp4,3
archaeological_excavation/PN4raZZvEIg_000001_000011.mp4,3
archaeological_excavation/-Po57YmaW3w_000218_000228.mp4,3
archaeological_excavation/PPCSqfuVNP4_000099_000109.mp4,3
archaeological_excavation/ppM-yiGfFOI_000100_000110.mp4,3
archaeological_excavation/PqUBCQtgg0I_000000_000010.mp4,3
archaeological_excavation/ptDjh56vC8o_000975_000985.mp4,3
archaeological_excavation/pWzwB24YuGI_000117_000127.mp4,3
archaeological_excavation/PXL5M4M_qKk_000211_000221.mp4,3
archaeological_excavation/PYmnQPUHKJE_000081_000091.mp4,3
archaeological_excavation/PyRzgSCW3NA_000052_000062.mp4,3
archaeological_excavation/q5wFXnXrMCE_000056_000066.mp4,3
archaeological_excavation/Q6CmBcLshAo_000162_000172.mp4,3
archaeological_excavation/q7EMF6In_gw_000013_000023.mp4,3
archaeological_excavation/qbCfMWPhjfI_000006_000016.mp4,3
archaeological_excavation/qCMzuYX6rh8_000026_000036.mp4,3
archaeological_excavation/qDqpF5x1rx4_000006_000016.mp4,3
archaeological_excavation/qFSPMLdgSPM_000023_000033.mp4,3
archaeological_excavation/qHdai-VGGa0_000000_000010.mp4,3
archaeological_excavation/qhYwLsabXvw_000138_000148.mp4,3
archaeological_excavation/Qi_K3LyfxlI_000056_000066.mp4,3
archaeological_excavation/qilyIzAHMPQ_000022_000032.mp4,3
archaeological_excavation/qiZ4_3ohWGk_000289_000299.mp4,3
archaeological_excavation/QOXjZKCY7oU_000127_000137.mp4,3
archaeological_excavation/QQcrpbjodJ8_000010_000020.mp4,3
archaeological_excavation/Qrgnw9c28Eg_000066_000076.mp4,3
archaeological_excavation/_qskJ_bV8Fk_000224_000234.mp4,3
archaeological_excavation/qtPoLOucCTM_000059_000069.mp4,3
archaeological_excavation/qUQLPQHOGUA_000042_000052.mp4,3
archaeological_excavation/_QWI4YVNrvY_000050_000060.mp4,3
archaeological_excavation/QyJPxCiwjDw_000197_000207.mp4,3
archaeological_excavation/QYVUFQ9G02o_000020_000030.mp4,3
archaeological_excavation/R5bNnnR8lwk_000045_000055.mp4,3
archaeological_excavation/R7T_R7Qtp14_000266_000276.mp4,3
archaeological_excavation/rccUF2VuhA0_000141_000151.mp4,3
archaeological_excavation/ReCtL1OutBo_000025_000035.mp4,3
archaeological_excavation/rf4obay7S7g_000138_000148.mp4,3
archaeological_excavation/RfXx_0sXyjA_001950_001960.mp4,3
archaeological_excavation/ritMYfvzrQg_000130_000140.mp4,3
archaeological_excavation/RK4imdXWkMQ_000122_000132.mp4,3
archaeological_excavation/RLRsiRYqvLo_000034_000044.mp4,3
archaeological_excavation/_RPvPx28mog_000000_000010.mp4,3
archaeological_excavation/rRwU6Gcj_nE_000067_000077.mp4,3
archaeological_excavation/rRWx_w_jrU4_000083_000093.mp4,3
archaeological_excavation/RSapaDhFjAQ_000187_000197.mp4,3
archaeological_excavation/RstdKQe38D0_000030_000040.mp4,3
archaeological_excavation/S1VzzVVeJV0_000062_000072.mp4,3
archaeological_excavation/S6UImy4ICh0_000145_000155.mp4,3
archaeological_excavation/s7yBpqyCivY_000012_000022.mp4,3
archaeological_excavation/-s_-7ZbQJgo_000015_000025.mp4,3
archaeological_excavation/s9y-7MS3aQE_000011_000021.mp4,3
archaeological_excavation/sAeXNBwLbWg_000014_000024.mp4,3
archaeological_excavation/Sc_Gtpamqa8_000157_000167.mp4,3
archaeological_excavation/SeDOAdKBelk_000045_000055.mp4,3
archaeological_excavation/SeuvF48R0N4_000048_000058.mp4,3
